#Symbol,Company,Industry,City,State,URL
A,Agilent Technologies Inc,Health Care,Santa Clara, California,http://www.agilent.com
AA,Alcoa Inc,Materials,New York, New York,http://www.alcoa.com
AAPL,Apple Inc.,Information Technology,Cupertino, California,http://www.apple.com
ABC,AmerisourceBergen Corp,Health Care,Chesterbrook, Pennsylvania,http://www.amerisourcebergen.com/
ABT,Abbott Laboratories,Health Care,North Chicago, Illinois,http://www.abbott.com/
ACE,ACE Limited,Financials,Zurich, Switzerland,http://www.acegroup.com/
ACN,Accenture,Information Technology,Dublin, Ireland
ADBE,Adobe Systems Inc,Information Technology,San Jose, California
ADI,Analog Devices Inc,Information Technology,Norwood, Massachusetts
ADM,Archer-Daniels-Midland Co,Consumer Staples,Decatur, Illinois
ADP,Automatic Data Processing,Information Technology,Roseland, New Jersey
ADSK,Autodesk Inc,Information Technology,San Rafael, California
ADT,ADT Corp,Industrials,Boca Raton, Florida
AEE,Ameren Corp,Utilities,St. Louis, Missouri
AEP,American Electric Power,Utilities,Columbus, Ohio
AES,AES Corp,Utilities,Arlington, Virginia
AET,Aetna Inc,Health Care,Hartford, Connecticut
AFL,AFLAC Inc,Financials,Columbus, Georgia
AGN,Allergan Inc,Health Care,Irvine, California
AIG,American Intl Group Inc,Financials,New York, New York
AIV,Apartment Investment & Mgmt,Financials,Denver, Colorado
AIZ,Assurant Inc,Financials,New York, New York
AKAM,Akamai Technologies Inc,Information Technology,Cambridge, Massachusetts
ALL,Allstate Corp,Financials,Northfield Township, Illinois
ALTR,Altera Corp,Information Technology,San Jose, California
ALXN,Alexion Pharmaceuticals,Health Care,Cheshire, Connecticut
AMAT,Applied Materials Inc,Information Technology,Santa Clara, California
AMD,Advanced Micro Devices,Information Technology,Sunnyvale, California
AMGN,Amgen Inc,Health Care,Thousand Oaks, California
AMP,Ameriprise Financial,Financials,Minneapolis, Minnesota
AMT,American Tower Corp A,Financials,Boston, Massachusetts
AMZN,Amazon.com Inc,Consumer Discretionary,Seattle, Washington
AN,AutoNation Inc,Consumer Discretionary,Fort Lauderdale, Florida
ANF,Abercrombie & Fitch Company A,Consumer Discretionary,New Albany, Ohio
AON,Aon plc,Financials,London, United Kingdom
APA,Apache Corporation,Energy,Houston, Texas
APC,Anadarko Petroleum Corp,Energy,The Woodlands, Texas
APD,Air Products & Chemicals Inc,Materials,Allentown, Pennsylvania
APH,Amphenol Corp A,Industrials,Wallingford, Connecticut
APOL,Apollo Group Inc,Consumer Discretionary,Phoenix, Arizona
ARG,Airgas Inc,Materials,Radnor Township, Pennsylvania
ATI,Allegheny Technologies Inc,Materials,Pittsburgh, Pennsylvania
AVB,AvalonBay Communities, Inc.,Financials,Arlington, Virginia
AVP,Avon Products,Consumer Staples,New York, New York
AVY,Avery Dennison Corp,Industrials,Pasadena, California
AXP,American Express Co,Financials,New York, New York
AZO,AutoZone Inc,Consumer Discretionary,Memphis, Tennessee
BA,Boeing Company,Industrials,Chicago, Illinois
BAC,Bank of America Corp,Financials,Charlotte, North Carolina
BAX,Baxter International Inc.,Health Care,Deerfield, Illinois
BBBY,Bed Bath & Beyond,Consumer Discretionary,Union, New Jersey
BBT,BB&T Corporation,Financials,Winston-Salem, North Carolina
BBY,Best Buy Co. Inc.,Consumer Discretionary,Richfield, Minnesota
BCR,Bard (C.R.) Inc.,Health Care,Murray Hill, New Jersey
BDX,Becton Dickinson,Health Care,Franklin Lakes, New Jersey
BEAM,Beam Inc.,Consumer Discretionary,Deerfield, Illinois
BEN,Franklin Resources,Financials,San Mateo, California
BF-B,Brown-Forman Corporation,Consumer Staples,Louisville, Kentucky
BHI,Baker Hughes Inc,Energy,Houston, Texas
BIG,Big Lots Inc.,Consumer Discretionary,Columbus, Ohio
BIIB,BIOGEN IDEC Inc.,Health Care,Weston, Massachusetts
BK,The Bank of New York Mellon Corp.,Financials,New York, New York
BLK,BlackRock,Financials,New York, New York
BLL,Ball Corp,Materials,Broomfield, Colorado
BMC,BMC Software,Information Technology,Houston, Texas
BMS,Bemis Company,Materials,Neenah, Wisconsin
BMY,Bristol-Myers Squibb,Health Care,New York, New York
BRCM,Broadcom Corporation,Information Technology,Irvine, California
BRK-B,Berkshire Hathaway,Financials,Omaha, Nebraska
BSX,Boston Scientific,Health Care,Natick, Massachusetts
BTU,Peabody Energy,Energy,St. Louis, Missouri
BWA,BorgWarner,Consumer Discretionary,Auburn Hills, Michigan
BXP,Boston Properties,Financials,Boston, Massachusetts
C,Citigroup Inc.,Financials,New York, New York
CA,CA, Inc.,Information Technology,Islandia, New York
CAG,ConAgra Foods Inc.,Consumer Staples,Omaha, Nebraska
CAH,Cardinal Health Inc.,Health Care,Dublin, Ohio
CAM,Cameron International Corp.,Energy,Houston, Texas
CAT,Caterpillar Inc.,Industrials,Peoria, Illinois
CB,Chubb Corp.,Financials,Warren, New Jersey
CBE,Cooper Industries,Industrials,Houston, Texas
CBG,CBRE Group,Financials,Los Angeles, California
CBS,CBS Corp.,Consumer Discretionary,New York, New York
CCE,Coca-Cola Enterprises,Consumer Staples,Atlanta, Georgia
CCI,Crown Castle International Corp.,Telecommunications Services,Houston, Texas
CCL,Carnival Corp.,Consumer Discretionary,Miami, Florida
CELG,Celgene Corp.,Health Care,Summit, New Jersey
CERN,Cerner,Health Care,North Kansas City, Missouri
CF,CF Industries Holdings Inc,Materials,Deerfield, Illinois
CFN,Carefusion,Health Care,San Diego, California
CHK,Chesapeake Energy,Energy,Oklahoma City, Oklahoma
CHRW,C. H. Robinson Worldwide,Industrials,Eden Prairie, Minnesota
CI,CIGNA Corp.,Health Care,Philadelphia, Pennsylvania
CINF,Cincinnati Financial,Financials,Fairfield, Ohio
CL,Colgate-Palmolive,Consumer Staples,New York, New York
CLF,Cliffs Natural Resources,Materials,Cleveland, Ohio
CLX,The Clorox Company,Consumer Staples,Oakland, California
CMA,Comerica Inc.,Financials,Dallas, Texas
CMCSA,Comcast Corp.,Consumer Discretionary,Philadelphia, Pennsylvania
CME,CME Group Inc.,Financials,Chicago, Illinois
CMG,Chipotle Mexican Grill,Consumer Discretionary,Denver, Colorado
CMI,Cummins Inc.,Industrials,Columbus, Indiana
CMS,CMS Energy,Utilities,Jackson, Michigan
CNP,CenterPoint Energy,Utilities,Houston, Texas
CNX,CONSOL Energy Inc.,Energy,Cecil Township, Pennsylvania
COF,Capital One Financial,Financials,Tysons Corner, Virginia
COG,Cabot Oil & Gas,Energy,Houston, Texas
COH,Coach Inc.,Consumer Discretionary,New York, New York
COL,Rockwell Collins,Industrials,Cedar Rapids, Iowa
COP,ConocoPhillips,Energy,Houston, Texas
COST,Costco Co.,Consumer Staples,Issaquah, Washington
COV,Covidien plc,Health Care,Dublin, Ireland
CPB,Campbell Soup,Consumer Staples,Camden, New Jersey
CRM,Salesforce.com,Information Technology,San Francisco, California
CSC,Computer Sciences Corp.,Information Technology,Falls Church, Virginia
CSCO,Cisco Systems,Information Technology,San Jose, California
CSX,CSX Corp.,Industrials,Jacksonville, Florida
CTAS,Cintas Corporation,Industrials,Mason, Ohio
CTL,CenturyLink Inc,Telecommunications Services,Monroe, Louisiana
CTSH,Cognizant Technology Solutions,Information Technology,Teaneck, New Jersey
CTXS,Citrix Systems,Information Technology,Fort Lauderdale, Florida
CVC,Cablevision Systems Corp.,Consumer Discretionary,Bethpage, New York
CVH,Coventry Health Care Inc.,Health Care,Bethesda, Maryland
CVS,CVS Caremark Corp.,Consumer Staples,Woonsocket, Rhode Island
CVX,Chevron Corp.,Energy,San Ramon, California
D,Dominion Resources,Utilities,Richmond, Virginia
DD,Du Pont (E.I.),Materials,Wilmington, Delaware
DE,Deere & Co.,Industrials,Moline, Illinois
DELL,Dell Inc.,Information Technology,Round Rock, Texas
DF,Dean Foods,Consumer Staples,Dallas, Texas
DFS,Discover Financial Services,Financials,Riverwoods, Illinois
DGX,Quest Diagnostics,Health Care,Madison, New Jersey
DHI,D. R. Horton,Consumer Discretionary,Fort Worth, Texas
DHR,Danaher Corp.,Industrials,Washington D.C
DIS,Walt Disney Co.,Consumer Discretionary,Burbank, California
DISCA,Discovery Communications,Consumer Discretionary,Silver Spring, Maryland
DLTR,Dollar Tree,Consumer Discretionary,Chesapeake, Virginia
DNB,Dun & Bradstreet,Industrials,Short Hills, New Jersey
DNR,Denbury Resources Inc.,Energy,Plano, Texas
DO,Diamond Offshore Drilling,Energy,Houston, Texas
DOV,Dover Corp.,Industrials,Downers Grove, Illinois
DOW,Dow Chemical,Materials,Midland, Michigan
DPS,Dr Pepper Snapple Group,Consumer Staples,Plano, Texas
DRI,Darden Restaurants,Consumer Discretionary,Orlando, Florida
DTE,DTE Energy Co.,Utilities,Detroit, Michigan
DTV,DirecTV,Consumer Discretionary,El Segundo, California
DUK,Duke Energy,Utilities,Charlotte, North Carolina
DVA,DaVita Inc.,Health Care,Denver, Colorado
DVN,Devon Energy Corp.,Energy,Oklahoma City, Oklahoma
EA,Electronic Arts,Information Technology,Redwood City, California
EBAY,eBay Inc.,Information Technology,San Jose, California
ECL,Ecolab Inc.,Materials,St. Paul, Minnesota
ED,Consolidated Edison,Utilities,New York, New York
EFX,Equifax Inc.,Financials,Atlanta, Georgia
EIX,Edison Int'l,Utilities,Rosemead, California
EL,Estee Lauder Cos.,Consumer Staples,New York, New York
EMC,EMC Corp.,Information Technology,Hopkinton, Massachusetts
EMN,Eastman Chemical,Materials,Kingsport, Tennessee
EMR,Emerson Electric,Industrials,Ferguson, Missouri
EOG,EOG Resources,Energy,Houston, Texas
EQR,Equity Residential,Financials,Chicago, Illinois
EQT,EQT Corporation,Utilities,Pittsburgh, Pennsylvania
ESRX,Express Scripts,Health Care,Cool Valley, Missouri
ESV,Ensco plc,Energy,London, United Kingdom
ETFC,E-Trade,Financials,New York, New York
ETN,Eaton Corp.,Industrials,Cleveland, Ohio
ETR,Entergy Corp.,Utilities,New Orleans, Louisiana
EW,Edwards Lifesciences,Health Care,Irvine, California
EXC,Exelon Corp.,Utilities,Chicago, Illinois
EXPD,Expeditors Int'l,Industrials,Seattle, Washington
EXPE,Expedia Inc.,Consumer Discretionary,Bellevue, Washington
F,Ford Motor,Consumer Discretionary,Dearborn, Michigan
FAST,Fastenal Co,Industrials,Winona, Minnesota
FCX,Freeport-McMoran Cp & Gld,Materials,Phoenix, Arizona
FDO,Family Dollar Stores,Consumer Discretionary,Matthews, North Carolina
FDX,FedEx Corporation,Industrials,Memphis, Tennessee
FE,FirstEnergy Corp,Utilities,Akron, Ohio
FFIV,F5 Networks,Information Technology,Seattle, Washington
FHN,First Horizon National,Financials,Memphis, Tennessee
FII,Federated Investors Inc.,Financials,Pittsburgh, Pennsylvania
FIS,Fidelity National Information Services,Information Technology,Jacksonville, Florida
FISV,Fiserv Inc,Information Technology,Brookfield, Wisconsin
FITB,Fifth Third Bancorp,Financials,Cincinnati, Ohio
FLIR,FLIR Systems,Information Technology,Wilsonville, Oregon
FLR,Fluor Corp.,Industrials,Irving, Texas
FLS,Flowserve Corporation,Industrials,Irving, Texas
FMC,FMC Corporation,Materials,Philadelphia, Pennsylvania
FOSL,Fossil, Inc.,Consumer Discretionary,Richardson, Texas
FRX,Forest Laboratories,Health Care,New York, New York
FSLR,First Solar Inc,Industrials,Tempe, Arizona
FTI,FMC Technologies Inc.,Energy,Houston, Texas
FTR,Frontier Communications,Telecommunications Services,Stamford, Connecticut
GAS,AGL Resources Inc.,Utilities,Atlanta, Georgia
GCI,Gannett Co.,Consumer Discretionary,McLean, Virginia
GD,General Dynamics,Industrials,Falls Church, Virginia
GE,General Electric,Industrials,Fairfield, Connecticut
GILD,Gilead Sciences,Health Care,Foster City, California
GIS,General Mills,Consumer Staples,Golden Valley, Minnesota
GLW,Corning Inc.,Industrials,Corning, New York
GME,GameStop Corp.,Consumer Discretionary,Grapevine, Texas
GNW,Genworth Financial Inc.,Financials,Richmond, Virginia
GOOG,Google Inc.,Information Technology,Mountain View, California
GPC,Genuine Parts,Consumer Discretionary,Atlanta, Georgia
GPS,Gap (The),Consumer Discretionary,San Francisco, California
GS,Goldman Sachs Group,Financials,New York, New York
GT,Goodyear Tire & Rubber,Consumer Discretionary,Akron, Ohio
GWW,Grainger (W.W.) Inc.,Industrials,Lake Forest, Illinois
HAL,Halliburton Co.,Energy,Houston, Texas
HAR,Harman Int'l Industries,Consumer Discretionary,Stamford, Connecticut
HAS,Hasbro Inc.,Consumer Discretionary,Pawtucket, Rhode Island
HBAN,Huntington Bancshares,Financials,Columbus, Ohio
HCBK,Hudson City Bancorp,Financials,Paramus, New Jersey
HCN,Health Care REIT,Financials,Toledo, Ohio
HCP,HCP Inc.,Financials,Long Beach, California
HD,Home Depot,Consumer Discretionary,Cobb County, Georgia
HES,Hess Corporation,Energy,New York, New York
HIG,Hartford Financial Svc.Gp.,Financials,Hartford, Connecticut
HNZ,Heinz (H.J.),Consumer Staples,Pittsburgh, Pennsylvania
HOG,Harley-Davidson,Consumer Discretionary,Milwaukee, Wisconsin
HON,Honeywell Int'l Inc.,Industrials,Morristown, New Jersey
HOT,Starwood Hotels & Resorts,Consumer Discretionary,White Plains, New York
HP,Helmerich & Payne,Energy,Tulsa, Oklahoma
HPQ,Hewlett-Packard,Information Technology,Palo Alto, California
HRB,Block H&R,Consumer Discretionary,Kansas City, Missouri
HRL,Hormel Foods Corp.,Consumer Staples,Austin, Minnesota
HRS,Harris Corporation,Information Technology,Melbourne, Florida
HSP,Hospira Inc.,Health Care,Lake Forest, Illinois
HST,Host Hotels & Resorts,Financials,Bethesda, Maryland
HSY,The Hershey Company,Consumer Staples,Hershey, Pennsylvania
HUM,Humana Inc.,Health Care,Louisville, Kentucky
IBM,International Bus. Machines,Information Technology,Armonk, New York
ICE,IntercontinentalExchange Inc.,Financials,Atlanta, Georgia
IFF,International Flav/Frag,Materials,New York, New York
IGT,International Game Technology,Consumer Discretionary,Reno, Nevada
INTC,Intel Corp.,Information Technology,Santa Clara, California
INTU,Intuit Inc.,Information Technology,Mountain View, California
IP,International Paper,Materials,Memphis, Tennessee
IPG,Interpublic Group,Consumer Discretionary,New York, New York
IR,Ingersoll-Rand PLC,Industrials,Dublin, Ireland
IRM,Iron Mountain Incorporated,Industrials,Boston, Massachusetts
ISRG,Intuitive Surgical Inc.,Health Care,Sunnyvale, California
ITW,Illinois Tool Works,Industrials,Glenview, Illinois
IVZ,Invesco Ltd.,Financials,Atlanta, Georgia
JBL,Jabil Circuit,Information Technology,St. Petersburg, Florida
JCI,Johnson Controls,Consumer Discretionary,Milwaukee, Wisconsin
JCP,Penney (J.C.),Consumer Discretionary,Plano, Texas
JDSU,JDS Uniphase Corp.,Information Technology,Milpitas, California
JEC,Jacobs Engineering Group,Industrials,Pasadena, California
JNJ,Johnson & Johnson,Health Care,New Brunswick, New Jersey
JNPR,Juniper Networks,Information Technology,Sunnyvale, California
JOY,Joy Global Inc.,Industrials,Milwaukee, Wisconsin
JPM,JPMorgan Chase & Co.,Financials,New York, New York
JWN,Nordstrom,Consumer Discretionary,Seattle, Washington
K,Kellogg Co.,Consumer Staples,Battle Creek, Michigan
KEY,KeyCorp,Financials,Cleveland, Ohio
KIM,Kimco Realty,Financials,New Hyde Park, New York
KLAC,KLA-Tencor Corp.,Information Technology,Milpitas, California
KMB,Kimberly-Clark,Consumer Staples,Irving, Texas
KMI,Kinder Morgan,Energy,Houston, Texas
KMX,Carmax Inc,Consumer Discretionary,Richmond, Virginia
KO,Coca Cola Co.,Consumer Staples,Atlanta, Georgia
KR,Kroger Co.,Consumer Staples,Cincinnati, Ohio
KRFT,Kraft Foods Group,Consumer Staples,Northfield, Illinois
KSS,Kohl's Corp.,Consumer Discretionary,Menomonee Falls, Wisconsin
L,Loews Corp.,Financials,New York, New York
LEG,Leggett & Platt,Consumer Discretionary,Carthage, Missouri
LEN,Lennar Corp.,Consumer Discretionary,Miami, Florida
LH,Laboratory Corp. of America Holding,Health Care,Burlington, North Carolina
LIFE,Life Technologies,Health Care,Carlsbad, California
LLL,L-3 Communications Holdings,Industrials,New York, New York
LLTC,Linear Technology Corp.,Information Technology,Milpitas, California
LLY,Lilly (Eli) & Co.,Health Care,Indianapolis, Indiana
LM,Legg Mason,Financials,Baltimore, Maryland
LMT,Lockheed Martin Corp.,Industrials,Bethesda, Maryland
LNC,Lincoln National,Financials,Radnor, Pennsylvania
LO,Lorillard Inc.,Consumer Staples,Greensboro, North Carolina
LOW,Lowe's Cos.,Consumer Discretionary,Mooresville, North Carolina
LRCX,Lam Research,Information Technology,Fremont, California
LSI,LSI Corporation,Information Technology,Milpitas, California
LTD,Limited Brands Inc.,Consumer Discretionary,Columbus, Ohio
LUK,Leucadia National Corp.,Financials,New York, New York
LUV,Southwest Airlines,Industrials,Dallas, Texas
LYB,LyondellBasell,Materials,Rotterdam, Netherlands
M,Macy's Inc.,Consumer Discretionary,Cincinnati, Ohio
MA,Mastercard Inc.,Information Technology,Harrison, New York
MAR,Marriott Int'l.,Consumer Discretionary,Bethesda, Maryland
MAS,Masco Corp.,Industrials,Taylor, Michigan
MAT,Mattel Inc.,Consumer Discretionary,El Segundo, California
MCD,McDonald's Corp.,Consumer Discretionary,Oak Brook, Illinois
MCHP,Microchip Technology,Information Technology,Chandler, Arizona
MCK,McKesson Corp.,Health Care,San Francisco, California
MCO,Moody's Corp,Financials,New York, New York
MDLZ,Mondelez International,Consumer Staples,Northfield, Illinois
MDT,Medtronic Inc.,Health Care,Fridley, Minnesota
MET,MetLife Inc.,Financials,New York, New York
MHP,McGraw-Hill,Consumer Discretionary,New York, New York
MJN,Mead Johnson,Consumer Staples,Glenview, Illinois
MKC,McCormick & Co.,Consumer Staples,Sparks, Maryland
MMC,Marsh & McLennan,Financials,New York, New York
MMM,3M Co.,Industrials,St Paul, Minnesota
MNST,Monster Beverage,Consumer Staples,Corona, California
MO,Altria Group Inc,Consumer Staples,Richmond, Virginia
MOLX,Molex Inc.,Information Technology,Lisle, Illinois
MON,Monsanto Co.,Materials,Creve Coeur, Missouri
MOS,The Mosaic Company,Materials,Plymouth, Minnesota
MPC,Marathon Petroleum,Energy,Findlay, Ohio
MRK,Merck & Co.,Health Care,Whitehouse Station, New Jersey
MRO,Marathon Oil Corp.,Energy,Houston, Texas
MS,Morgan Stanley,Financials,New York, New York
MSFT,Microsoft Corp.,Information Technology,Redmond, Washington
MSI,Motorola Solutions Inc.,Information Technology,Schaumburg, Illinois
MTB,M&T Bank Corp.,Financials,Buffalo, New York
MU,Micron Technology,Information Technology,Boise, Idaho
MUR,Murphy Oil,Energy,El Dorado, Arkansas
MWV,MeadWestvaco Corporation,Materials,Richmond, Virginia
MYL,Mylan Inc.,Health Care,Canonsburg, Pennsylvania
NBL,Noble Energy Inc,Energy,Houston, Texas
NBR,Nabors Industries Ltd.,Energy,Hamilton, Bermuda
NDAQ,NASDAQ OMX Group,Financials,New York, New York
NE,Noble Corp,Energy,Geneva, Switzerland
NEE,NextEra Energy Resources,Utilities,Juno Beach, Florida
NEM,Newmont Mining Corp. (Hldg. Co.),Materials,Denver, Colorado
NFLX,NetFlix Inc.,Information Technology,Los Gatos, California
NFX,Newfield Exploration Co,Energy,Houston, Texas
NI,NiSource Inc.,Utilities,Merrillville, Indiana
NKE,NIKE Inc.,Consumer Discretionary,Washington County, Oregon
NOC,Northrop Grumman Corp.,Industrials,West Falls Church, Virginia
NOV,National Oilwell Varco Inc.,Energy,Houston, Texas
NRG,NRG Energy,Utilities,Princeton, New Jersey
NSC,Norfolk Southern Corp.,Industrials,Norfolk, Virginia
NTAP,NetApp,Information Technology,Sunnyvale, California
NTRS,Northern Trust Corp.,Financials,Chicago, Illinois
NU,Northeast Utilities,Utilities,Berlin, Connecticut
NUE,Nucor Corp.,Materials,Charlotte, North Carolina
NVDA,Nvidia Corporation,Information Technology,Santa Clara, California
NWL,Newell Rubbermaid Co.,Consumer Discretionary,Sandy Springs, Georgia
NWSA,News Corporation,Consumer Discretionary,New York, New York
NYX,NYSE Euronext,Financials,New York, New York
OI,Owens-Illinois Inc,Materials,Perrysburg, Ohio
OKE,ONEOK,Utilities,Tulsa, Oklahoma
OMC,Omnicom Group,Consumer Discretionary,New York, New York
ORCL,Oracle Corp.,Information Technology,Redwood Shores, California
ORLY,O'Reilly Automotive,Consumer Discretionary,Springfield, Missouri
OXY,Occidental Petroleum,Energy,Los Angeles, California
PAYX,Paychex Inc.,Information Technology,Penfield, New York
PBCT,People's United Bank,Financials,Bridgeport, Connecticut
PBI,Pitney-Bowes,Industrials,Stamford, Connecticut
PCAR,PACCAR Inc.,Industrials,Bellevue, Washington
PCG,PG&E Corp.,Utilities,San Francisco, California
PCL,Plum Creek Timber Co.,Financials,Seattle, Washington
PCLN,Priceline.com Inc,Industrials,Norwalk, Connecticut
PCP,Precision Castparts,Industrials,Portland, Oregon
PCS,MetroPCS Communications Inc.,Telecommunications Services,Richardson, Texas
PDCO,Patterson Companies,Health Care,St. Paul, Minnesota
PEG,Public Serv. Enterprise Inc.,Utilities,Newark, New Jersey
PEP,PepsiCo Inc.,Consumer Staples,Purchase, New York
PETM,PetSmart, Inc.,Consumer Discretionary,Phoenix, Arizona
PFE,Pfizer Inc.,Health Care,New York, New York
PFG,Principal Financial Group,Financials,Des Moines, Iowa
PG,Procter & Gamble,Consumer Staples,Cincinnati, Ohio
PGR,Progressive Corp.,Financials,Mayfield Village, Ohio
PH,Parker-Hannifin,Industrials,Cleveland, Ohio
PHM,Pulte Homes Inc.,Consumer Discretionary,Bloomfield Hills, Michigan
PKI,PerkinElmer,Health Care,Waltham, Massachusetts
PLD,ProLogis,Financials,Denver, Colorado
PLL,Pall Corp.,Industrials,Port Washington, New York
PM,Philip Morris International,Consumer Staples,New York, New York
PNC,PNC Financial Services,Financials,Pittsburgh, Pennsylvania
PNR,Pentair Ltd.,Industrials,Schaffhausen, Switzerland
PNW,Pinnacle West Capital,Utilities,Phoenix, Arizona
POM,Pepco Holdings Inc.,Utilities,Washington D.C
PPG,PPG Industries,Materials,Pittsburgh, Pennsylvania
PPL,PPL Corp.,Utilities,Allentown, Pennsylvania
PRGO,Perrigo,Health Care,Allegan, Michigan
PRU,Prudential Financial,Financials,Newark, New Jersey
PSA,Public Storage,Financials,Glendale, California
PSX,Phillips 66,Energy,Houston, Texas
PWR,Quanta Services Inc.,Industrials,Houston, Texas
PX,Praxair Inc.,Materials,Danbury, Connecticut
PXD,Pioneer Natural Resources,Energy,Irving, Texas
QCOM,QUALCOMM Inc.,Information Technology,San Diego, California
QEP,QEP Resources,Utilities,Denver, Colorado
R,Ryder System,Industrials,Miami, Florida
RAI,Reynolds American Inc.,Consumer Staples,Winston-Salem, North Carolina
RDC,Rowan Cos.,Energy,Houston, Texas
RF,Regions Financial Corp.,Financials,Birmingham, Alabama
RHI,Robert Half International,Industrials,Menlo Park, California
RHT,Red Hat Inc.,Information Technology,Raleigh, North Carolina
RL,Polo Ralph Lauren Corp.,Consumer Discretionary,New York, New York
ROK,Rockwell Automation Inc.,Industrials,Milwaukee, Wisconsin
ROP,Roper Industries,Industrials,Sarasota, Florida
ROST,Ross Stores Inc.,Consumer Discretionary,Pleasanton, California
RRC,Range Resources Corp.,Energy,Fort Worth, Texas
RRD,Donnelley (R.R.) & Sons,Industrials,Chicago, Illinois
RSG,Republic Services Inc,Industrials,Phoenix, Arizona
RTN,Raytheon Co.,Industrials,Waltham, Massachusetts
S,Sprint Nextel Corp.,Telecommunications Services,Overland Park, Kansas
SAI,SAIC,Information Technology,McLean, Virginia
SBUX,Starbucks Corp.,Consumer Discretionary,Seattle, Washington
SCG,SCANA Corp,Utilities,Cayce, South Carolina
SCHW,Charles Schwab,Financials,San Francisco, California
SE,Spectra Energy Corp.,Energy,Houston, Texas
SEE,Sealed Air Corp.(New),Materials,Elmwood Park, New Jersey
SHW,Sherwin-Williams,Consumer Discretionary,Cleveland, Ohio
SIAL,Sigma-Aldrich,Materials,St. Louis, Missouri
SJM,Smucker (J.M.),Consumer Staples,Orrville, Ohio
SLB,Schlumberger Ltd.,Energy,Houston, Texas
SLM,SLM Corporation,Financials,Newark, Delaware
SNA,Snap-On Inc.,Consumer Discretionary,Kenosha, Wisconsin
SNDK,SanDisk Corporation,Information Technology,Milpitas, California
SNI,Scripps Networks Interactive Inc.,Consumer Discretionary,Cincinnati, Ohio
SO,Southern Co.,Utilities,Atlanta, Georgia
SPG,Simon Property Group Inc,Financials,Indianapolis, Indiana
SPLS,Staples Inc.,Consumer Discretionary,Framingham, Massachusetts
SRCL,Stericycle Inc,Industrials,Lake Forest, Illinois
SRE,Sempra Energy,Utilities,San Diego, California
STI,SunTrust Banks,Financials,Atlanta, Georgia
STJ,St Jude Medical,Health Care,Little Canada, Minnesota
STT,State Street Corp.,Financials,Boston, Massachusetts
STX,Seagate Technology,Information Technology,Dublin, Ireland
STZ,Constellation Brands,Consumer Staples,Victor, New York
SWK,Stanley Black & Decker,Consumer Discretionary,New Britain, Connecticut
SWN,Southwestern Energy,Energy,Houston, Texas
SWY,Safeway Inc.,Consumer Staples,Pleasanton, California
SYK,Stryker Corp.,Health Care,Kalamazoo, Michigan
SYMC,Symantec Corp.,Information Technology,Mountain View, California
SYY,Sysco Corp.,Consumer Staples,Houston, Texas
T,AT&T Inc,Telecommunications Services,Dallas, Texas
TAP,Molson Coors Brewing Company,Consumer Staples,Denver, Colorado
TDC,Teradata Corp.,Information Technology,Miamisburg, Ohio
TE,TECO Energy,Utilities,Tampa, Florida
TEG,Integrys Energy Group Inc.,Utilities,Chicago, Illinois
TEL,TE Connectivity Ltd.,Information Technology,Schaffhausen, Switzerland
TER,Teradyne Inc.,Information Technology,North Reading, Massachusetts
TGT,Target Corp.,Consumer Discretionary,Minneapolis, Minnesota
THC,Tenet Healthcare Corp.,Health Care,Dallas, Texas
TIE,Titanium Metals Corp,Materials,Dallas, Texas
TIF,Tiffany & Co.,Consumer Discretionary,New York, New York
TJX,TJX Companies Inc.,Consumer Discretionary,Framingham, Massachusetts
TMK,Torchmark Corp.,Financials,McKinney, Texas
TMO,Thermo Fisher Scientific,Health Care,Waltham, Massachusetts
TRIP,TripAdvisor,Consumer Discretionary,Newton, Massachusetts
TROW,T. Rowe Price Group,Financials,Baltimore, Maryland
TRV,The Travelers Companies Inc.,Financials,New York, New York
TSN,Tyson Foods,Consumer Staples,Springdale, Arkansas
TSO,Tesoro Petroleum Co.,Energy,San Antonio, Texas
TSS,Total System Services,Information Technology,Columbus, Georgia
TWC,Time Warner Cable Inc.,Consumer Discretionary,New York, New York
TWX,Time Warner Inc.,Consumer Discretionary,New York, New York
TXN,Texas Instruments,Information Technology,Dallas, Texas
TXT,Textron Inc.,Industrials,Providence, Rhode Island
TYC,Tyco International,Industrials,Princeton, New Jersey
UNH,United Health Group Inc.,Health Care,Minnetonka, Minnesota
UNM,Unum Group,Financials,Chattanooga, Tennessee
UNP,Union Pacific,Industrials,Omaha, Nebraska
UPS,United Parcel Service,Industrials,Sandy Springs, Georgia
URBN,Urban Outfitters,Consumer Discretionary,Philadelphia, Pennsylvania
USB,U.S. Bancorp,Financials,Minneapolis, Minnesota
UTX,United Technologies,Industrials,Hartford, Connecticut
V,Visa Inc.,Information Technology,San Francisco, California
VAR,Varian Medical Systems,Health Care,Palo Alto, California
VFC,V.F. Corp.,Consumer Discretionary,Greensboro, North Carolina
VIAB,Viacom Inc.,Consumer Discretionary,New York, New York
VLO,Valero Energy,Energy,San Antonio, Texas
VMC,Vulcan Materials,Materials,Birmingham, Alabama
VNO,Vornado Realty Trust,Financials,New York, New York
VRSN,Verisign Inc.,Information Technology,Dulles, Virginia
VTR,Ventas Inc,Financials,Chicago, Illinois
VZ,Verizon Communications,Telecommunications Services,New York, New York
WAG,Walgreen Co.,Consumer Staples,Deerfield, Illinois
WAT,Waters Corporation,Health Care,Milford, Massachusetts
WDC,Western Digital,Information Technology,Irvine, California
WEC,Wisconsin Energy Corporation,Utilities,Milwaukee, Wisconsin
WFC,Wells Fargo,Financials,San Francisco, California
WFM,Whole Foods Market,Consumer Staples,Austin, Texas
WHR,Whirlpool Corp.,Consumer Discretionary,Benton Harbor, Michigan
WIN,Windstream Corporation,Telecommunications Services,Little Rock, Arkansas
WLP,WellPoint Inc.,Health Care,Indianapolis, Indiana
WM,Waste Management Inc.,Industrials,Houston, Texas
WMB,Williams Cos.,Energy,Tulsa, Oklahoma
WMT,Wal-Mart Stores,Consumer Staples,Bentonville, Arkansas
WPI,Watson Pharmaceuticals,Health Care,Corona, California
WPO,Washington Post Co B,Consumer Discretionary,Washington D.C
WPX,WPX Energy, Inc.,Energy,Tulsa, Oklahoma
WU,Western Union Co,Information Technology,Englewood, Colorado
WY,Weyerhaeuser Corp.,Financials,Federal Way, Washington
WYN,Wyndham Worldwide,Consumer Discretionary,Parsippany, New Jersey
WYNN,Wynn Resorts Ltd,Consumer Discretionary,Las Vegas, Nevada
X,United States Steel Corp.,Materials,Pittsburgh, Pennsylvania
XEL,Xcel Energy Inc,Utilities,Minneapolis, Minnesota
XL,XL Capital,Financials,Hamilton, Bermuda
XLNX,Xilinx Inc,Information Technology,San Jose, California
XOM,Exxon Mobil Corp.,Energy,Irving, Texas
XRAY,Dentsply International,Health Care,York, Pennsylvania
XRX,Xerox Corp.,Information Technology,Norwalk, Connecticut
XYL,Xylem Inc.,Industrials,White Plains, New York
YHOO,Yahoo Inc.,Information Technology,Sunnyvale, California
YUM,Yum! Brands Inc,Consumer Discretionary,Louisville, Kentucky
ZION,Zions Bancorp,Financials,Salt Lake City, Utah
ZMH,Zimmer Holdings,Health Care,Warsaw, Indiana
